iso_code,country,sex,age,year,employment,unemployment,baseline_2020,recovery_score
BEN,Benin,Female,15+,2020,72.507,1.469,72.507,0.0
BEN,Benin,Female,15+,2021,73.528,1.64,72.507,1.0210000000000008
BEN,Benin,Female,15+,2022,73.527,1.483,72.507,1.019999999999996
BEN,Benin,Female,15+,2023,73.719,1.448,72.507,1.211999999999989
BEN,Benin,Female,15+,2024,73.901,1.446,72.507,1.3939999999999912
BEN,Benin,Female,15+,2025,74.125,1.383,72.507,1.617999999999995
BEN,Benin,Female,15-24,2020,49.719,3.159,49.719,0.0
BEN,Benin,Female,15-24,2021,50.338,2.963,49.719,0.6189999999999998
BEN,Benin,Female,15-24,2022,51.377,2.642,49.719,1.6580000000000013
BEN,Benin,Female,15-24,2023,51.574,2.609,49.719,1.8549999999999969
BEN,Benin,Female,15-24,2024,51.772,2.608,49.719,2.0529999999999973
BEN,Benin,Female,15-24,2025,51.895,2.554,49.719,2.176000000000002
BEN,Benin,Female,25+,2020,83.809,0.96,83.809,0.0
BEN,Benin,Female,25+,2021,85.0,1.246,83.809,1.1910000000000025
BEN,Benin,Female,25+,2022,84.469,1.129,83.809,0.6599999999999966
BEN,Benin,Female,25+,2023,84.635,1.095,83.809,0.8260000000000076
BEN,Benin,Female,25+,2024,84.776,1.091,83.809,0.9669999999999987
BEN,Benin,Female,25+,2025,85.017,1.027,83.809,1.2079999999999984
BEN,Benin,Male,15+,2020,74.8,1.566,74.8,0.0
BEN,Benin,Male,15+,2021,75.849,2.021,74.8,1.0490000000000066
BEN,Benin,Male,15+,2022,76.48,1.881,74.8,1.6800000000000068
BEN,Benin,Male,15+,2023,76.34,1.828,74.8,1.5400000000000063
BEN,Benin,Male,15+,2024,76.153,1.824,74.8,1.3530000000000086
BEN,Benin,Male,15+,2025,76.17,1.79,74.8,1.3700000000000045
BEN,Benin,Male,15-24,2020,45.952,2.75,45.952,0.0
BEN,Benin,Male,15-24,2021,47.854,3.526,45.952,1.902000000000001
BEN,Benin,Male,15-24,2022,50.496,3.606,45.952,4.544000000000004
BEN,Benin,Male,15-24,2023,50.188,3.564,45.952,4.236000000000004
BEN,Benin,Male,15-24,2024,49.838,3.57,45.952,3.886000000000003
BEN,Benin,Male,15-24,2025,50.092,3.22,45.952,4.140000000000001
BEN,Benin,Male,25+,2020,90.135,1.24,90.135,0.0
BEN,Benin,Male,25+,2021,90.653,1.593,90.135,0.5180000000000007
BEN,Benin,Male,25+,2022,90.162,1.36,90.135,0.027000000000001023
BEN,Benin,Male,25+,2023,90.043,1.309,90.135,-0.09199999999999875
BEN,Benin,Male,25+,2024,89.863,1.307,90.135,-0.27200000000000557
BEN,Benin,Male,25+,2025,89.678,1.368,90.135,-0.45700000000000784
BEN,Benin,Total,15+,2020,73.645,1.518,73.645,0.0
BEN,Benin,Total,15+,2021,74.681,1.833,73.645,1.0360000000000014
BEN,Benin,Total,15+,2022,74.995,1.685,73.645,1.3500000000000085
BEN,Benin,Total,15+,2023,75.023,1.641,73.645,1.3780000000000001
BEN,Benin,Total,15+,2024,75.022,1.637,73.645,1.3770000000000095
BEN,Benin,Total,15+,2025,75.143,1.589,73.645,1.4980000000000047
BEN,Benin,Total,15-24,2020,47.806,2.96,47.806,0.0
BEN,Benin,Total,15-24,2021,49.077,3.242,47.806,1.2710000000000008
BEN,Benin,Total,15-24,2022,50.93,3.13,47.806,3.1240000000000023
BEN,Benin,Total,15-24,2023,50.87,3.09,47.806,3.064
BEN,Benin,Total,15-24,2024,50.791,3.089,47.806,2.9849999999999994
BEN,Benin,Total,15-24,2025,50.981,2.887,47.806,3.1750000000000043
BEN,Benin,Total,25+,2020,86.912,1.103,86.912,0.0
BEN,Benin,Total,25+,2021,87.776,1.422,86.912,0.8639999999999901
BEN,Benin,Total,25+,2022,87.269,1.247,86.912,0.3569999999999993
BEN,Benin,Total,25+,2023,87.297,1.204,86.912,0.3849999999999909
BEN,Benin,Total,25+,2024,87.283,1.201,86.912,0.3709999999999951
BEN,Benin,Total,25+,2025,87.316,1.2,86.912,0.40399999999999636
BFA,Burkina Faso,Female,15+,2020,66.144,4.771,66.144,0.0
BFA,Burkina Faso,Female,15+,2021,64.35,4.903,66.144,-1.7940000000000111
BFA,Burkina Faso,Female,15+,2022,62.482,4.467,66.144,-3.662000000000006
BFA,Burkina Faso,Female,15+,2023,61.872,4.403,66.144,-4.272000000000006
BFA,Burkina Faso,Female,15+,2024,61.282,4.416,66.144,-4.862000000000009
BFA,Burkina Faso,Female,15+,2025,61.346,4.257,66.144,-4.798000000000009
BFA,Burkina Faso,Female,15-24,2020,51.596,8.873,51.596,0.0
BFA,Burkina Faso,Female,15-24,2021,49.895,8.774,51.596,-1.7009999999999934
BFA,Burkina Faso,Female,15-24,2022,47.909,8.144,51.596,-3.6869999999999976
BFA,Burkina Faso,Female,15-24,2023,44.678,8.392,51.596,-6.917999999999999
BFA,Burkina Faso,Female,15-24,2024,41.488,8.793,51.596,-10.107999999999997
BFA,Burkina Faso,Female,15-24,2025,41.459,8.408,51.596,-10.136999999999993
BFA,Burkina Faso,Female,25+,2020,73.793,3.168,73.793,0.0
BFA,Burkina Faso,Female,25+,2021,71.964,3.406,73.793,-1.8290000000000077
BFA,Burkina Faso,Female,25+,2022,70.177,3.068,73.793,-3.6159999999999997
BFA,Burkina Faso,Female,25+,2023,70.972,2.995,73.793,-2.821000000000012
BFA,Burkina Faso,Female,25+,2024,71.775,2.989,73.793,-2.0180000000000007
BFA,Burkina Faso,Female,25+,2025,71.898,2.911,73.793,-1.8950000000000102
BFA,Burkina Faso,Male,15+,2020,77.558,4.428,77.558,0.0
BFA,Burkina Faso,Male,15+,2021,77.185,4.17,77.558,-0.37300000000000466
BFA,Burkina Faso,Male,15+,2022,76.918,3.283,77.558,-0.6400000000000006
BFA,Burkina Faso,Male,15+,2023,75.638,2.911,77.558,-1.9200000000000017
BFA,Burkina Faso,Male,15+,2024,74.247,2.592,77.558,-3.311000000000007
BFA,Burkina Faso,Male,15+,2025,74.005,2.798,77.558,-3.5530000000000115
BFA,Burkina Faso,Male,15-24,2020,62.644,7.243,62.644,0.0
BFA,Burkina Faso,Male,15-24,2021,62.137,6.733,62.644,-0.5069999999999979
BFA,Burkina Faso,Male,15-24,2022,61.603,5.611,62.644,-1.0409999999999968
BFA,Burkina Faso,Male,15-24,2023,58.632,5.163,62.644,-4.0120000000000005
BFA,Burkina Faso,Male,15-24,2024,55.512,4.794,62.644,-7.131999999999998
BFA,Burkina Faso,Male,15-24,2025,55.245,4.939,62.644,-7.399000000000001
BFA,Burkina Faso,Male,25+,2020,86.177,3.194,86.177,0.0
BFA,Burkina Faso,Male,25+,2021,85.886,3.055,86.177,-0.291000000000011
BFA,Burkina Faso,Male,25+,2022,85.785,2.281,86.177,-0.3920000000000101
BFA,Burkina Faso,Male,25+,2023,85.496,1.986,86.177,-0.6810000000000116
BFA,Burkina Faso,Male,25+,2024,85.111,1.732,86.177,-1.0660000000000025
BFA,Burkina Faso,Male,25+,2025,84.876,1.965,86.177,-1.301000000000002
BFA,Burkina Faso,Total,15+,2020,71.738,4.59,71.738,0.0
BFA,Burkina Faso,Total,15+,2021,70.646,4.511,71.738,-1.0919999999999987
BFA,Burkina Faso,Total,15+,2022,69.567,3.828,71.738,-2.1710000000000065
BFA,Burkina Faso,Total,15+,2023,68.631,3.601,71.738,-3.1069999999999993
BFA,Burkina Faso,Total,15+,2024,67.651,3.441,71.738,-4.087000000000003
BFA,Burkina Faso,Total,15+,2025,67.57,3.477,71.738,-4.168000000000006
BFA,Burkina Faso,Total,15-24,2020,57.179,7.978,57.179,0.0
BFA,Burkina Faso,Total,15-24,2021,56.084,7.642,57.179,-1.0949999999999989
BFA,Burkina Faso,Total,15-24,2022,54.833,6.722,57.179,-2.3460000000000036
BFA,Burkina Faso,Total,15-24,2023,51.734,6.569,57.179,-5.445
BFA,Burkina Faso,Total,15-24,2024,48.58,6.525,57.179,-8.599000000000004
BFA,Burkina Faso,Total,15-24,2025,48.433,6.438,57.179,-8.746000000000002
BFA,Burkina Faso,Total,25+,2020,79.759,3.182,79.759,0.0
BFA,Burkina Faso,Total,25+,2021,78.678,3.222,79.759,-1.081000000000003
BFA,Burkina Faso,Total,25+,2022,77.71,2.651,79.759,-2.0490000000000066
BFA,Burkina Faso,Total,25+,2023,77.985,2.463,79.759,-1.774000000000001
BFA,Burkina Faso,Total,25+,2024,78.22,2.332,79.759,-1.5390000000000015
BFA,Burkina Faso,Total,25+,2025,78.177,2.417,79.759,-1.5819999999999936
CPV,Cabo Verde,Female,15+,2020,40.37,13.664,40.37,0.0
CPV,Cabo Verde,Female,15+,2021,41.407,13.088,40.37,1.036999999999999
CPV,Cabo Verde,Female,15+,2022,44.115,11.641,40.37,3.7450000000000045
CPV,Cabo Verde,Female,15+,2023,44.534,11.316,40.37,4.1640000000000015
CPV,Cabo Verde,Female,15+,2024,44.721,11.319,40.37,4.350999999999999
CPV,Cabo Verde,Female,15+,2025,44.723,11.387,40.37,4.3530000000000015
CPV,Cabo Verde,Female,15-24,2020,13.528,41.831,13.528,0.0
CPV,Cabo Verde,Female,15-24,2021,15.006,38.05,13.528,1.4779999999999998
CPV,Cabo Verde,Female,15-24,2022,16.542,34.48,13.528,3.014000000000001
CPV,Cabo Verde,Female,15-24,2023,16.902,33.634,13.528,3.3740000000000006
CPV,Cabo Verde,Female,15-24,2024,17.009,33.582,13.528,3.481
CPV,Cabo Verde,Female,15-24,2025,16.841,33.901,13.528,3.3130000000000006
CPV,Cabo Verde,Female,25+,2020,48.344,10.043,48.344,0.0
CPV,Cabo Verde,Female,25+,2021,49.055,9.87,48.344,0.7109999999999985
CPV,Cabo Verde,Female,25+,2022,52.022,8.74,48.344,3.6779999999999973
CPV,Cabo Verde,Female,25+,2023,52.421,8.484,48.344,4.076999999999998
CPV,Cabo Verde,Female,25+,2024,52.631,8.49,48.344,4.286999999999999
CPV,Cabo Verde,Female,25+,2025,52.716,8.534,48.344,4.372
CPV,Cabo Verde,Male,15+,2020,50.668,15.401,50.668,0.0
CPV,Cabo Verde,Male,15+,2021,51.734,14.579,50.668,1.0660000000000025
CPV,Cabo Verde,Male,15+,2022,56.123,12.692,50.668,5.454999999999998
CPV,Cabo Verde,Male,15+,2023,55.982,12.316,50.668,5.314
CPV,Cabo Verde,Male,15+,2024,55.641,12.319,50.668,4.972999999999999
CPV,Cabo Verde,Male,15+,2025,55.557,12.366,50.668,4.889000000000003
CPV,Cabo Verde,Male,15-24,2020,23.659,29.946,23.659,0.0
CPV,Cabo Verde,Male,15-24,2021,25.105,27.682,23.659,1.4460000000000015
CPV,Cabo Verde,Male,15-24,2022,27.62,25.087,23.659,3.961000000000002
CPV,Cabo Verde,Male,15-24,2023,27.349,24.522,23.659,3.6900000000000013
CPV,Cabo Verde,Male,15-24,2024,26.909,24.55,23.659,3.25
CPV,Cabo Verde,Male,15-24,2025,26.64,24.833,23.659,2.9810000000000016
CPV,Cabo Verde,Male,25+,2020,59.681,13.012,59.681,0.0
CPV,Cabo Verde,Male,25+,2021,60.417,12.429,59.681,0.7360000000000042
CPV,Cabo Verde,Male,25+,2022,65.281,10.683,59.681,5.6000000000000085
CPV,Cabo Verde,Male,25+,2023,65.075,10.382,59.681,5.3940000000000055
CPV,Cabo Verde,Male,25+,2024,64.69,10.417,59.681,5.009
CPV,Cabo Verde,Male,25+,2025,64.61,10.449,59.681,4.929000000000002
CPV,Cabo Verde,Total,15+,2020,45.581,14.65,45.581,0.0
CPV,Cabo Verde,Total,15+,2021,46.636,13.932,45.581,1.0549999999999997
CPV,Cabo Verde,Total,15+,2022,50.197,12.239,45.581,4.616
CPV,Cabo Verde,Total,15+,2023,50.335,11.882,45.581,4.753999999999998
CPV,Cabo Verde,Total,15+,2024,50.256,11.883,45.581,4.674999999999997
CPV,Cabo Verde,Total,15+,2025,50.217,11.939,45.581,4.635999999999996
CPV,Cabo Verde,Total,15-24,2020,18.878,34.474,18.878,0.0
CPV,Cabo Verde,Total,15-24,2021,20.348,31.656,18.878,1.4699999999999989
CPV,Cabo Verde,Total,15-24,2022,22.394,28.651,18.878,3.5159999999999982
CPV,Cabo Verde,Total,15-24,2023,22.41,28.045,18.878,3.532
CPV,Cabo Verde,Total,15-24,2024,22.215,28.1,18.878,3.3369999999999997
CPV,Cabo Verde,Total,15-24,2025,21.976,28.415,18.878,3.097999999999999
CPV,Cabo Verde,Total,25+,2020,54.001,11.705,54.001,0.0
CPV,Cabo Verde,Total,25+,2021,54.728,11.299,54.001,0.7270000000000039
CPV,Cabo Verde,Total,25+,2022,58.651,9.831,54.001,4.650000000000006
CPV,Cabo Verde,Total,25+,2023,58.755,9.546,54.001,4.754000000000005
CPV,Cabo Verde,Total,25+,2024,58.676,9.565,54.001,4.675000000000004
CPV,Cabo Verde,Total,25+,2025,58.687,9.602,54.001,4.686
CIV,Côte d'Ivoire,Female,15+,2020,54.762,3.049,54.762,0.0
CIV,Côte d'Ivoire,Female,15+,2021,56.128,2.97,54.762,1.3659999999999997
CIV,Côte d'Ivoire,Female,15+,2022,57.539,2.573,54.762,2.777000000000001
CIV,Côte d'Ivoire,Female,15+,2023,57.763,2.523,54.762,3.0009999999999977
CIV,Côte d'Ivoire,Female,15+,2024,57.959,2.532,54.762,3.1970000000000027
CIV,Côte d'Ivoire,Female,15+,2025,57.894,2.623,54.762,3.131999999999998
CIV,Côte d'Ivoire,Female,15-24,2020,34.611,5.669,34.611,0.0
CIV,Côte d'Ivoire,Female,15-24,2021,33.363,5.421,34.611,-1.2479999999999976
CIV,Côte d'Ivoire,Female,15-24,2022,31.879,4.775,34.611,-2.7319999999999958
CIV,Côte d'Ivoire,Female,15-24,2023,32.049,4.703,34.611,-2.5619999999999976
CIV,Côte d'Ivoire,Female,15-24,2024,32.212,4.7,34.611,-2.398999999999994
CIV,Côte d'Ivoire,Female,15-24,2025,31.892,4.497,34.611,-2.7189999999999976
CIV,Côte d'Ivoire,Female,25+,2020,63.948,2.38,63.948,0.0
CIV,Côte d'Ivoire,Female,25+,2021,66.56,2.389,63.948,2.612000000000002
CIV,Côte d'Ivoire,Female,25+,2022,69.442,2.09,63.948,5.493999999999993
CIV,Côte d'Ivoire,Female,25+,2023,69.852,2.04,63.948,5.9040000000000035
CIV,Côte d'Ivoire,Female,25+,2024,70.261,2.044,63.948,6.312999999999995
CIV,Côte d'Ivoire,Female,25+,2025,70.555,2.201,63.948,6.607000000000006
CIV,Côte d'Ivoire,Male,15+,2020,71.248,2.248,71.248,0.0
CIV,Côte d'Ivoire,Male,15+,2021,72.464,2.365,71.248,1.215999999999994
CIV,Côte d'Ivoire,Male,15+,2022,73.284,2.112,71.248,2.0360000000000014
CIV,Côte d'Ivoire,Male,15+,2023,73.106,2.067,71.248,1.8579999999999899
CIV,Côte d'Ivoire,Male,15+,2024,72.876,2.075,71.248,1.6280000000000001
CIV,Côte d'Ivoire,Male,15+,2025,72.849,2.093,71.248,1.600999999999999
CIV,Côte d'Ivoire,Male,15-24,2020,42.827,3.935,42.827,0.0
CIV,Côte d'Ivoire,Male,15-24,2021,40.375,4.234,42.827,-2.451999999999998
CIV,Côte d'Ivoire,Male,15-24,2022,39.017,3.943,42.827,-3.809999999999995
CIV,Côte d'Ivoire,Male,15-24,2023,38.722,3.886,42.827,-4.104999999999997
CIV,Côte d'Ivoire,Male,15-24,2024,38.383,3.892,42.827,-4.4439999999999955
CIV,Côte d'Ivoire,Male,15-24,2025,38.077,3.626,42.827,-4.75
CIV,Côte d'Ivoire,Male,25+,2020,84.623,1.838,84.623,0.0
CIV,Côte d'Ivoire,Male,25+,2021,87.748,1.945,84.623,3.125
CIV,Côte d'Ivoire,Male,25+,2022,89.853,1.719,84.623,5.22999999999999
CIV,Côte d'Ivoire,Male,25+,2023,89.936,1.674,84.623,5.313000000000002
CIV,Côte d'Ivoire,Male,25+,2024,89.962,1.682,84.623,5.338999999999999
CIV,Côte d'Ivoire,Male,25+,2025,90.307,1.762,84.623,5.6839999999999975
CIV,Côte d'Ivoire,Total,15+,2020,63.214,2.588,63.214,0.0
CIV,Côte d'Ivoire,Total,15+,2021,64.496,2.623,63.214,1.2819999999999965
CIV,Côte d'Ivoire,Total,15+,2022,65.598,2.31,63.214,2.3840000000000003
CIV,Côte d'Ivoire,Total,15+,2023,65.61,2.263,63.214,2.396000000000001
CIV,Côte d'Ivoire,Total,15+,2024,65.583,2.273,63.214,2.3689999999999998
CIV,Côte d'Ivoire,Total,15+,2025,65.532,2.323,63.214,2.317999999999998
CIV,Côte d'Ivoire,Total,15-24,2020,38.868,4.687,38.868,0.0
CIV,Côte d'Ivoire,Total,15-24,2021,37.001,4.753,38.868,-1.8670000000000044
CIV,Côte d'Ivoire,Total,15-24,2022,35.582,4.304,38.868,-3.2860000000000014
CIV,Côte d'Ivoire,Total,15-24,2023,35.507,4.243,38.868,-3.361000000000004
CIV,Côte d'Ivoire,Total,15-24,2024,35.403,4.249,38.868,-3.4650000000000034
CIV,Côte d'Ivoire,Total,15-24,2025,35.083,4.011,38.868,-3.7850000000000037
CIV,Côte d'Ivoire,Total,25+,2020,74.496,2.067,74.496,0.0
CIV,Côte d'Ivoire,Total,25+,2021,77.348,2.133,74.496,2.852000000000004
CIV,Côte d'Ivoire,Total,25+,2022,79.821,1.878,74.496,5.325000000000003
CIV,Côte d'Ivoire,Total,25+,2023,80.058,1.831,74.496,5.562000000000012
CIV,Côte d'Ivoire,Total,25+,2024,80.271,1.838,74.496,5.775000000000006
CIV,Côte d'Ivoire,Total,25+,2025,80.593,1.951,74.496,6.097000000000008
GMB,Gambia,Female,15+,2020,42.698,4.742,42.698,0.0
GMB,Gambia,Female,15+,2021,42.636,5.184,42.698,-0.06199999999999761
GMB,Gambia,Female,15+,2022,42.732,5.312,42.698,0.03399999999999892
GMB,Gambia,Female,15+,2023,42.629,5.776,42.698,-0.06900000000000261
GMB,Gambia,Female,15+,2024,42.803,5.78,42.698,0.10499999999999687
GMB,Gambia,Female,15+,2025,42.676,6.122,42.698,-0.021999999999998465
GMB,Gambia,Female,15-24,2020,25.432,9.849,25.432,0.0
GMB,Gambia,Female,15-24,2021,25.403,10.257,25.432,-0.028999999999999915
GMB,Gambia,Female,15-24,2022,25.551,10.095,25.432,0.11899999999999977
GMB,Gambia,Female,15-24,2023,25.383,10.881,25.432,-0.04899999999999949
GMB,Gambia,Female,15-24,2024,25.497,10.894,25.432,0.06500000000000128
GMB,Gambia,Female,15-24,2025,25.403,11.28,25.432,-0.028999999999999915
GMB,Gambia,Female,25+,2020,51.625,3.347,51.625,0.0
GMB,Gambia,Female,25+,2021,51.451,3.811,51.625,-0.1739999999999995
GMB,Gambia,Female,25+,2022,51.452,4.025,51.625,-0.17300000000000182
GMB,Gambia,Female,25+,2023,51.318,4.412,51.625,-0.30700000000000216
GMB,Gambia,Female,25+,2024,51.464,4.42,51.625,-0.16100000000000136
GMB,Gambia,Female,25+,2025,51.278,4.755,51.625,-0.3470000000000013
GMB,Gambia,Male,15+,2020,47.153,6.843,47.153,0.0
GMB,Gambia,Male,15+,2021,46.78,7.158,47.153,-0.37299999999999756
GMB,Gambia,Male,15+,2022,46.745,6.766,47.153,-0.40800000000000125
GMB,Gambia,Male,15+,2023,46.361,7.134,47.153,-0.7920000000000016
GMB,Gambia,Male,15+,2024,46.099,7.139,47.153,-1.054000000000002
GMB,Gambia,Male,15+,2025,46.094,6.898,47.153,-1.0589999999999975
GMB,Gambia,Male,15-24,2020,30.809,10.375,30.809,0.0
GMB,Gambia,Male,15-24,2021,30.415,10.597,30.809,-0.3940000000000019
GMB,Gambia,Male,15-24,2022,30.199,10.22,30.809,-0.6099999999999994
GMB,Gambia,Male,15-24,2023,29.716,10.751,30.809,-1.093
GMB,Gambia,Male,15-24,2024,29.33,10.775,30.809,-1.4790000000000028
GMB,Gambia,Male,15-24,2025,29.353,10.503,30.809,-1.4559999999999995
GMB,Gambia,Male,25+,2020,56.191,5.716,56.191,0.0
GMB,Gambia,Male,25+,2021,55.728,6.081,56.191,-0.46300000000000097
GMB,Gambia,Male,25+,2022,55.712,5.7,56.191,-0.4789999999999992
GMB,Gambia,Male,25+,2023,55.306,6.035,56.191,-0.8850000000000051
GMB,Gambia,Male,25+,2024,55.041,6.052,56.191,-1.1500000000000057
GMB,Gambia,Male,25+,2025,54.963,5.825,56.191,-1.2280000000000015
GMB,Gambia,Total,15+,2020,44.891,5.84,44.891,0.0
GMB,Gambia,Total,15+,2021,44.677,6.213,44.891,-0.21399999999999864
GMB,Gambia,Total,15+,2022,44.71,6.067,44.891,-0.18099999999999739
GMB,Gambia,Total,15+,2023,44.469,6.479,44.891,-0.42199999999999704
GMB,Gambia,Total,15+,2024,44.428,6.48,44.891,-0.46300000000000097
GMB,Gambia,Total,15+,2025,44.362,6.521,44.891,-0.5289999999999964
GMB,Gambia,Total,15-24,2020,28.138,10.14,28.138,0.0
GMB,Gambia,Total,15-24,2021,27.926,10.444,28.138,-0.2120000000000033
GMB,Gambia,Total,15-24,2022,27.892,10.163,28.138,-0.24600000000000222
GMB,Gambia,Total,15-24,2023,27.565,10.811,28.138,-0.5730000000000004
GMB,Gambia,Total,15-24,2024,27.427,10.83,28.138,-0.7110000000000021
GMB,Gambia,Total,15-24,2025,27.392,10.863,28.138,-0.7460000000000022
GMB,Gambia,Total,25+,2020,53.846,4.565,53.846,0.0
GMB,Gambia,Total,25+,2021,53.533,4.975,53.846,-0.3129999999999953
GMB,Gambia,Total,25+,2022,53.527,4.882,53.846,-0.3189999999999955
GMB,Gambia,Total,25+,2023,53.262,5.24,53.846,-0.5839999999999961
GMB,Gambia,Total,25+,2024,53.208,5.25,53.846,-0.6379999999999981
GMB,Gambia,Total,25+,2025,53.077,5.299,53.846,-0.7689999999999984
GHA,Ghana,Female,15+,2020,56.019,3.344,56.019,0.0
GHA,Ghana,Female,15+,2021,54.92,3.395,56.019,-1.0989999999999966
GHA,Ghana,Female,15+,2022,53.751,3.164,56.019,-2.2680000000000007
GHA,Ghana,Female,15+,2023,53.797,3.12,56.019,-2.2220000000000013
GHA,Ghana,Female,15+,2024,54.0,3.11,56.019,-2.0189999999999984
GHA,Ghana,Female,15+,2025,53.484,3.223,56.019,-2.5349999999999966
GHA,Ghana,Female,15-24,2020,29.878,6.336,29.878,0.0
GHA,Ghana,Female,15-24,2021,28.812,5.923,29.878,-1.065999999999999
GHA,Ghana,Female,15-24,2022,27.544,5.334,29.878,-2.3339999999999996
GHA,Ghana,Female,15-24,2023,27.547,5.286,29.878,-2.3309999999999995
GHA,Ghana,Female,15-24,2024,27.716,5.276,29.878,-2.161999999999999
GHA,Ghana,Female,15-24,2025,27.126,5.736,29.878,-2.751999999999999
GHA,Ghana,Female,25+,2020,67.065,2.759,67.065,0.0
GHA,Ghana,Female,25+,2021,65.937,2.914,67.065,-1.1280000000000001
GHA,Ghana,Female,25+,2022,64.795,2.765,67.065,-2.269999999999996
GHA,Ghana,Female,25+,2023,64.826,2.723,67.065,-2.2390000000000043
GHA,Ghana,Female,25+,2024,64.991,2.713,67.065,-2.073999999999998
GHA,Ghana,Female,25+,2025,64.437,2.769,67.065,-2.628
GHA,Ghana,Male,15+,2020,63.353,3.028,63.353,0.0
GHA,Ghana,Male,15+,2021,62.051,3.024,63.353,-1.3019999999999996
GHA,Ghana,Male,15+,2022,61.119,2.606,63.353,-2.2340000000000018
GHA,Ghana,Male,15+,2023,61.057,2.566,63.353,-2.2959999999999994
GHA,Ghana,Male,15+,2024,60.842,2.557,63.353,-2.511000000000003
GHA,Ghana,Male,15+,2025,60.137,2.757,63.353,-3.216000000000001
GHA,Ghana,Male,15-24,2020,33.757,6.303,33.757,0.0
GHA,Ghana,Male,15-24,2021,33.06,6.038,33.757,-0.6969999999999956
GHA,Ghana,Male,15-24,2022,32.212,5.46,33.757,-1.5449999999999946
GHA,Ghana,Male,15-24,2023,32.087,5.408,33.757,-1.6699999999999946
GHA,Ghana,Male,15-24,2024,31.777,5.408,33.757,-1.9799999999999969
GHA,Ghana,Male,15-24,2025,31.107,5.904,33.757,-2.6499999999999986
GHA,Ghana,Male,25+,2020,76.466,2.36,76.466,0.0
GHA,Ghana,Male,25+,2021,74.874,2.412,76.466,-1.5919999999999987
GHA,Ghana,Male,25+,2022,73.879,2.037,76.466,-2.586999999999989
GHA,Ghana,Male,25+,2023,73.801,2.003,76.466,-2.664999999999992
GHA,Ghana,Male,25+,2024,73.563,1.999,76.466,-2.9029999999999916
GHA,Ghana,Male,25+,2025,72.759,2.148,76.466,-3.7069999999999936
GHA,Ghana,Total,15+,2020,59.656,3.178,59.656,0.0
GHA,Ghana,Total,15+,2021,58.456,3.2,59.656,-1.1999999999999957
GHA,Ghana,Total,15+,2022,57.404,2.87,59.656,-2.2519999999999953
GHA,Ghana,Total,15+,2023,57.397,2.829,59.656,-2.2590000000000003
GHA,Ghana,Total,15+,2024,57.391,2.82,59.656,-2.2650000000000006
GHA,Ghana,Total,15+,2025,56.781,2.979,59.656,-2.875
GHA,Ghana,Total,15-24,2020,31.834,6.319,31.834,0.0
GHA,Ghana,Total,15-24,2021,30.954,5.985,31.834,-0.879999999999999
GHA,Ghana,Total,15-24,2022,29.896,5.402,31.834,-1.9379999999999988
GHA,Ghana,Total,15-24,2023,29.834,5.352,31.834,-2.0
GHA,Ghana,Total,15-24,2024,29.761,5.347,31.834,-2.0730000000000004
GHA,Ghana,Total,15-24,2025,29.13,5.826,31.834,-2.7040000000000006
GHA,Ghana,Total,25+,2020,71.694,2.55,71.694,0.0
GHA,Ghana,Total,25+,2021,70.337,2.652,71.694,-1.3569999999999993
GHA,Ghana,Total,25+,2022,69.267,2.384,71.694,-2.4270000000000067
GHA,Ghana,Total,25+,2023,69.245,2.346,71.694,-2.448999999999998
GHA,Ghana,Total,25+,2024,69.211,2.341,71.694,-2.483000000000004
GHA,Ghana,Total,25+,2025,68.533,2.446,71.694,-3.1610000000000014
GIN,Guinea,Female,15+,2020,39.391,5.884,39.391,0.0
GIN,Guinea,Female,15+,2021,39.55,5.807,39.391,0.15899999999999892
GIN,Guinea,Female,15+,2022,40.299,5.244,39.391,0.9080000000000013
GIN,Guinea,Female,15+,2023,40.512,5.212,39.391,1.1210000000000022
GIN,Guinea,Female,15+,2024,40.651,5.203,39.391,1.2600000000000051
GIN,Guinea,Female,15+,2025,40.499,5.036,39.391,1.108000000000004
GIN,Guinea,Female,15-24,2020,23.758,9.675,23.758,0.0
GIN,Guinea,Female,15-24,2021,24.303,9.06,23.758,0.5450000000000017
GIN,Guinea,Female,15-24,2022,24.646,8.002,23.758,0.8880000000000017
GIN,Guinea,Female,15-24,2023,24.835,7.966,23.758,1.0770000000000017
GIN,Guinea,Female,15-24,2024,24.955,7.956,23.758,1.1969999999999992
GIN,Guinea,Female,15-24,2025,24.836,7.728,23.758,1.0779999999999994
GIN,Guinea,Female,25+,2020,47.445,4.853,47.445,0.0
GIN,Guinea,Female,25+,2021,47.315,4.918,47.445,-0.13000000000000256
GIN,Guinea,Female,25+,2022,48.175,4.507,47.445,0.7299999999999969
GIN,Guinea,Female,25+,2023,48.314,4.481,47.445,0.8689999999999998
GIN,Guinea,Female,25+,2024,48.388,4.477,47.445,0.9429999999999978
GIN,Guinea,Female,25+,2025,48.149,4.332,47.445,0.7040000000000006
GIN,Guinea,Male,15+,2020,59.766,6.093,59.766,0.0
GIN,Guinea,Male,15+,2021,60.249,5.821,59.766,0.4830000000000041
GIN,Guinea,Male,15+,2022,60.495,5.125,59.766,0.7289999999999992
GIN,Guinea,Male,15+,2023,60.254,5.091,59.766,0.48799999999999955
GIN,Guinea,Male,15+,2024,60.047,5.081,59.766,0.2809999999999988
GIN,Guinea,Male,15+,2025,59.79,5.253,59.766,0.02400000000000091
GIN,Guinea,Male,15-24,2020,24.23,7.173,24.23,0.0
GIN,Guinea,Male,15-24,2021,24.459,6.898,24.23,0.2289999999999992
GIN,Guinea,Male,15-24,2022,24.189,6.174,24.23,-0.04100000000000037
GIN,Guinea,Male,15-24,2023,23.902,6.145,24.23,-0.3279999999999994
GIN,Guinea,Male,15-24,2024,23.661,6.136,24.23,-0.5689999999999991
GIN,Guinea,Male,15-24,2025,23.424,6.269,24.23,-0.8060000000000009
GIN,Guinea,Male,25+,2020,80.879,5.898,80.879,0.0
GIN,Guinea,Male,25+,2021,81.145,5.629,80.879,0.26599999999999113
GIN,Guinea,Male,25+,2022,81.311,4.944,80.879,0.43200000000000216
GIN,Guinea,Male,25+,2023,80.754,4.913,80.879,-0.125
GIN,Guinea,Male,25+,2024,80.257,4.906,80.879,-0.6219999999999999
GIN,Guinea,Male,25+,2025,79.698,5.088,80.879,-1.1810000000000116
GIN,Guinea,Total,15+,2020,49.23,6.007,49.23,0.0
GIN,Guinea,Total,15+,2021,49.564,5.815,49.23,0.3340000000000032
GIN,Guinea,Total,15+,2022,50.087,5.174,49.23,0.8570000000000064
GIN,Guinea,Total,15+,2023,50.096,5.141,49.23,0.8659999999999997
GIN,Guinea,Total,15+,2024,50.083,5.132,49.23,0.8530000000000015
GIN,Guinea,Total,15+,2025,49.894,5.163,49.23,0.6640000000000015
GIN,Guinea,Total,15-24,2020,23.997,8.414,23.997,0.0
GIN,Guinea,Total,15-24,2021,24.382,7.976,23.997,0.38500000000000156
GIN,Guinea,Total,15-24,2022,24.415,7.095,23.997,0.41799999999999926
GIN,Guinea,Total,15-24,2023,24.363,7.071,23.997,0.36599999999999966
GIN,Guinea,Total,15-24,2024,24.3,7.068,23.997,0.3030000000000008
GIN,Guinea,Total,15-24,2025,24.122,7.017,23.997,0.125
GIN,Guinea,Total,25+,2020,63.167,5.485,63.167,0.0
GIN,Guinea,Total,25+,2021,63.274,5.349,63.167,0.10699999999999932
GIN,Guinea,Total,25+,2022,63.858,4.77,63.167,0.6909999999999954
GIN,Guinea,Total,25+,2023,63.713,4.741,63.167,0.5459999999999994
GIN,Guinea,Total,25+,2024,63.559,4.736,63.167,0.3919999999999959
GIN,Guinea,Total,25+,2025,63.207,4.788,63.167,0.03999999999999915
GNB,Guinea-Bissau,Female,15+,2020,55.567,2.116,55.567,0.0
GNB,Guinea-Bissau,Female,15+,2021,57.138,2.119,55.567,1.570999999999998
GNB,Guinea-Bissau,Female,15+,2022,58.868,1.84,55.567,3.301000000000002
GNB,Guinea-Bissau,Female,15+,2023,58.991,1.82,55.567,3.4239999999999995
GNB,Guinea-Bissau,Female,15+,2024,59.069,1.83,55.567,3.5020000000000024
GNB,Guinea-Bissau,Female,15+,2025,59.133,1.914,55.567,3.5660000000000025
GNB,Guinea-Bissau,Female,15-24,2020,47.092,2.52,47.092,0.0
GNB,Guinea-Bissau,Female,15-24,2021,43.672,2.232,47.092,-3.4200000000000017
GNB,Guinea-Bissau,Female,15-24,2022,40.309,1.793,47.092,-6.783000000000001
GNB,Guinea-Bissau,Female,15-24,2023,40.398,1.785,47.092,-6.6939999999999955
GNB,Guinea-Bissau,Female,15-24,2024,40.448,1.792,47.092,-6.643999999999998
GNB,Guinea-Bissau,Female,15-24,2025,40.588,1.944,47.092,-6.503999999999998
GNB,Guinea-Bissau,Female,25+,2020,59.665,1.961,59.665,0.0
GNB,Guinea-Bissau,Female,25+,2021,63.622,2.082,59.665,3.9570000000000007
GNB,Guinea-Bissau,Female,25+,2022,67.764,1.854,59.665,8.098999999999997
GNB,Guinea-Bissau,Female,25+,2023,67.853,1.83,59.665,8.187999999999995
GNB,Guinea-Bissau,Female,25+,2024,67.887,1.84,59.665,8.222000000000001
GNB,Guinea-Bissau,Female,25+,2025,67.852,1.905,59.665,8.187000000000005
GNB,Guinea-Bissau,Male,15+,2020,66.151,3.565,66.151,0.0
GNB,Guinea-Bissau,Male,15+,2021,66.833,3.816,66.151,0.6820000000000022
GNB,Guinea-Bissau,Male,15+,2022,67.601,3.415,66.151,1.4500000000000028
GNB,Guinea-Bissau,Male,15+,2023,67.424,3.371,66.151,1.2730000000000103
GNB,Guinea-Bissau,Male,15+,2024,67.224,3.392,66.151,1.0730000000000075
GNB,Guinea-Bissau,Male,15+,2025,67.24,3.366,66.151,1.0889999999999986
GNB,Guinea-Bissau,Male,15-24,2020,55.367,2.912,55.367,0.0
GNB,Guinea-Bissau,Male,15-24,2021,51.139,3.532,55.367,-4.227999999999994
GNB,Guinea-Bissau,Male,15-24,2022,47.096,3.7,55.367,-8.271
GNB,Guinea-Bissau,Male,15-24,2023,46.711,3.682,55.367,-8.655999999999999
GNB,Guinea-Bissau,Male,15-24,2024,46.343,3.699,55.367,-9.023999999999994
GNB,Guinea-Bissau,Male,15-24,2025,46.753,3.602,55.367,-8.613999999999997
GNB,Guinea-Bissau,Male,25+,2020,71.962,3.833,71.962,0.0
GNB,Guinea-Bissau,Male,25+,2021,75.237,3.919,71.962,3.2749999999999915
GNB,Guinea-Bissau,Male,25+,2022,78.507,3.324,71.962,6.545000000000002
GNB,Guinea-Bissau,Male,25+,2023,78.356,3.273,71.962,6.393999999999991
GNB,Guinea-Bissau,Male,25+,2024,78.149,3.296,71.962,6.186999999999998
GNB,Guinea-Bissau,Male,25+,2025,77.861,3.293,71.962,5.899000000000001
GNB,Guinea-Bissau,Total,15+,2020,60.697,2.887,60.697,0.0
GNB,Guinea-Bissau,Total,15+,2021,61.842,3.016,60.697,1.144999999999996
GNB,Guinea-Bissau,Total,15+,2022,63.11,2.666,60.697,2.4129999999999967
GNB,Guinea-Bissau,Total,15+,2023,63.091,2.632,60.697,2.3939999999999984
GNB,Guinea-Bissau,Total,15+,2024,63.037,2.647,60.697,2.3399999999999963
GNB,Guinea-Bissau,Total,15+,2025,63.081,2.673,60.697,2.3840000000000003
GNB,Guinea-Bissau,Total,15-24,2020,51.251,2.733,51.251,0.0
GNB,Guinea-Bissau,Total,15-24,2021,47.427,2.941,51.251,-3.823999999999998
GNB,Guinea-Bissau,Total,15-24,2022,43.723,2.835,51.251,-7.527999999999999
GNB,Guinea-Bissau,Total,15-24,2023,43.574,2.817,51.251,-7.677
GNB,Guinea-Bissau,Total,15-24,2024,43.415,2.826,51.251,-7.8359999999999985
GNB,Guinea-Bissau,Total,15-24,2025,43.692,2.844,51.251,-7.5589999999999975
GNB,Guinea-Bissau,Total,25+,2020,65.513,2.948,65.513,0.0
GNB,Guinea-Bissau,Total,25+,2021,69.153,3.042,65.513,3.6400000000000006
GNB,Guinea-Bissau,Total,25+,2022,72.888,2.615,65.513,7.375
GNB,Guinea-Bissau,Total,25+,2023,72.87,2.576,65.513,7.356999999999999
GNB,Guinea-Bissau,Total,25+,2024,72.796,2.593,65.513,7.283000000000001
GNB,Guinea-Bissau,Total,25+,2025,72.646,2.623,65.513,7.132999999999996
LBR,Liberia,Female,15+,2020,69.291,2.945,69.291,0.0
LBR,Liberia,Female,15+,2021,69.647,2.868,69.291,0.35600000000000875
LBR,Liberia,Female,15+,2022,70.285,2.272,69.291,0.9939999999999998
LBR,Liberia,Female,15+,2023,70.356,2.237,69.291,1.0649999999999977
LBR,Liberia,Female,15+,2024,70.405,2.243,69.291,1.1140000000000043
LBR,Liberia,Female,15+,2025,70.433,2.216,69.291,1.1420000000000101
LBR,Liberia,Female,15-24,2020,51.069,2.915,51.069,0.0
LBR,Liberia,Female,15-24,2021,51.68,2.667,51.069,0.6109999999999971
LBR,Liberia,Female,15-24,2022,52.104,2.129,51.069,1.0349999999999966
LBR,Liberia,Female,15-24,2023,52.1,2.112,51.069,1.0309999999999988
LBR,Liberia,Female,15-24,2024,52.101,2.116,51.069,1.0319999999999965
LBR,Liberia,Female,15-24,2025,52.016,2.196,51.069,0.9469999999999956
LBR,Liberia,Female,25+,2020,78.311,2.954,78.311,0.0
LBR,Liberia,Female,25+,2021,78.64,2.934,78.311,0.3289999999999935
LBR,Liberia,Female,25+,2022,79.48,2.319,78.311,1.168999999999997
LBR,Liberia,Female,25+,2023,79.654,2.278,78.311,1.3429999999999893
LBR,Liberia,Female,25+,2024,79.755,2.286,78.311,1.4439999999999884
LBR,Liberia,Female,25+,2025,79.835,2.222,78.311,1.5239999999999867
LBR,Liberia,Male,15+,2020,76.753,5.151,76.753,0.0
LBR,Liberia,Male,15+,2021,77.259,4.729,76.753,0.5060000000000002
LBR,Liberia,Male,15+,2022,78.655,3.574,76.753,1.902000000000001
LBR,Liberia,Male,15+,2023,78.579,3.509,76.753,1.8259999999999934
LBR,Liberia,Male,15+,2024,78.439,3.521,76.753,1.6859999999999928
LBR,Liberia,Male,15+,2025,78.395,3.489,76.753,1.641999999999996
LBR,Liberia,Male,15-24,2020,55.815,2.905,55.815,0.0
LBR,Liberia,Male,15-24,2021,55.926,2.96,55.815,0.1110000000000042
LBR,Liberia,Male,15-24,2022,56.749,2.325,55.815,0.9340000000000046
LBR,Liberia,Male,15-24,2023,56.471,2.308,55.815,0.6559999999999988
LBR,Liberia,Male,15-24,2024,56.18,2.311,55.815,0.365000000000002
LBR,Liberia,Male,15-24,2025,56.031,2.389,55.815,0.21600000000000108
LBR,Liberia,Male,25+,2020,87.769,5.88,87.769,0.0
LBR,Liberia,Male,25+,2021,88.617,5.309,87.769,0.847999999999999
LBR,Liberia,Male,25+,2022,90.438,3.988,87.769,2.668999999999997
LBR,Liberia,Male,25+,2023,90.55,3.907,87.769,2.7809999999999917
LBR,Liberia,Male,25+,2024,90.519,3.921,87.769,2.75
LBR,Liberia,Male,25+,2025,90.515,3.853,87.769,2.745999999999995
LBR,Liberia,Total,15+,2020,72.972,4.102,72.972,0.0
LBR,Liberia,Total,15+,2021,73.405,3.844,72.972,0.43300000000000693
LBR,Liberia,Total,15+,2022,74.42,2.956,72.972,1.4480000000000075
LBR,Liberia,Total,15+,2023,74.421,2.905,72.972,1.4490000000000123
LBR,Liberia,Total,15+,2024,74.379,2.914,72.972,1.4070000000000107
LBR,Liberia,Total,15+,2025,74.373,2.884,72.972,1.4010000000000105
LBR,Liberia,Total,15-24,2020,53.459,2.91,53.459,0.0
LBR,Liberia,Total,15-24,2021,53.819,2.82,53.459,0.35999999999999943
LBR,Liberia,Total,15-24,2022,54.446,2.232,53.459,0.9869999999999948
LBR,Liberia,Total,15-24,2023,54.305,2.215,53.459,0.8459999999999965
LBR,Liberia,Total,15-24,2024,54.159,2.218,53.459,0.6999999999999957
LBR,Liberia,Total,15-24,2025,54.042,2.297,53.459,0.5829999999999984
LBR,Liberia,Total,25+,2020,82.928,4.488,82.928,0.0
LBR,Liberia,Total,25+,2021,83.513,4.179,82.928,0.585000000000008
LBR,Liberia,Total,25+,2022,84.835,3.196,82.928,1.9069999999999965
LBR,Liberia,Total,25+,2023,84.982,3.134,82.928,2.054000000000002
LBR,Liberia,Total,25+,2024,85.023,3.145,82.928,2.094999999999999
LBR,Liberia,Total,25+,2025,85.065,3.079,82.928,2.1370000000000005
MLI,Mali,Female,15+,2020,48.835,3.545,48.835,0.0
MLI,Mali,Female,15+,2021,50.607,4.48,48.835,1.7719999999999985
MLI,Mali,Female,15+,2022,51.323,3.182,48.835,2.4879999999999995
MLI,Mali,Female,15+,2023,51.42,3.09,48.835,2.585000000000001
MLI,Mali,Female,15+,2024,51.464,3.067,48.835,2.628999999999998
MLI,Mali,Female,15+,2025,51.25,3.012,48.835,2.414999999999999
MLI,Mali,Female,15-24,2020,38.33,7.585,38.33,0.0
MLI,Mali,Female,15-24,2021,43.471,4.165,38.33,5.140999999999998
MLI,Mali,Female,15-24,2022,42.724,4.713,38.33,4.393999999999998
MLI,Mali,Female,15-24,2023,43.128,3.793,38.33,4.798000000000002
MLI,Mali,Female,15-24,2024,43.1,3.774,38.33,4.770000000000003
MLI,Mali,Female,15-24,2025,42.685,3.973,38.33,4.355000000000004
MLI,Mali,Female,25+,2020,54.963,1.798,54.963,0.0
MLI,Mali,Female,25+,2021,54.818,4.626,54.963,-0.14500000000000313
MLI,Mali,Female,25+,2022,56.448,2.475,54.963,1.4849999999999994
MLI,Mali,Female,25+,2023,56.403,2.763,54.963,1.4399999999999977
MLI,Mali,Female,25+,2024,56.518,2.738,54.963,1.5549999999999997
MLI,Mali,Female,25+,2025,56.447,2.565,54.963,1.4840000000000018
MLI,Mali,Male,15+,2020,78.109,3.518,78.109,0.0
MLI,Mali,Male,15+,2021,77.362,3.699,78.109,-0.7469999999999999
MLI,Mali,Male,15+,2022,79.718,1.877,78.109,1.6090000000000089
MLI,Mali,Male,15+,2023,78.824,2.856,78.109,0.7150000000000034
MLI,Mali,Male,15+,2024,78.75,2.832,78.109,0.6410000000000053
MLI,Mali,Male,15+,2025,78.823,2.715,78.109,0.7139999999999986
MLI,Mali,Male,15-24,2020,55.85,6.156,55.85,0.0
MLI,Mali,Male,15-24,2021,57.865,4.628,55.85,2.0150000000000006
MLI,Mali,Male,15-24,2022,59.976,2.132,55.85,4.125999999999998
MLI,Mali,Male,15-24,2023,58.682,3.909,55.85,2.8320000000000007
MLI,Mali,Male,15-24,2024,58.493,3.889,55.85,2.6430000000000007
MLI,Mali,Male,15-24,2025,58.46,3.809,55.85,2.6099999999999994
MLI,Mali,Male,25+,2020,91.353,2.521,91.353,0.0
MLI,Mali,Male,25+,2021,89.092,3.331,91.353,-2.2609999999999957
MLI,Mali,Male,25+,2022,91.707,1.775,91.353,0.3539999999999992
MLI,Mali,Male,25+,2023,91.15,2.434,91.353,-0.20299999999998875
MLI,Mali,Male,25+,2024,91.212,2.408,91.353,-0.14099999999999113
MLI,Mali,Male,25+,2025,91.392,2.276,91.353,0.03900000000000148
MLI,Mali,Total,15+,2020,63.591,3.528,63.591,0.0
MLI,Mali,Total,15+,2021,64.091,4.006,63.591,0.4999999999999929
MLI,Mali,Total,15+,2022,65.631,2.387,63.591,2.039999999999999
MLI,Mali,Total,15+,2023,65.227,2.947,63.591,1.6360000000000028
MLI,Mali,Total,15+,2024,65.209,2.924,63.591,1.618000000000002
MLI,Mali,Total,15+,2025,65.138,2.831,63.591,1.5470000000000041
MLI,Mali,Total,15-24,2020,47.215,6.733,47.215,0.0
MLI,Mali,Total,15-24,2021,50.768,4.433,47.215,3.5529999999999973
MLI,Mali,Total,15-24,2022,51.468,3.205,47.215,4.253
MLI,Mali,Total,15-24,2023,51.009,3.861,47.215,3.793999999999997
MLI,Mali,Total,15-24,2024,50.897,3.841,47.215,3.681999999999995
MLI,Mali,Total,15-24,2025,50.673,3.877,47.215,3.4579999999999984
MLI,Mali,Total,25+,2020,73.238,2.252,73.238,0.0
MLI,Mali,Total,25+,2021,72.03,3.826,73.238,-1.2079999999999984
MLI,Mali,Total,25+,2022,74.153,2.041,73.238,0.9150000000000063
MLI,Mali,Total,25+,2023,73.849,2.56,73.238,0.6110000000000042
MLI,Mali,Total,25+,2024,73.936,2.534,73.238,0.6980000000000075
MLI,Mali,Total,25+,2025,73.99,2.386,73.238,0.7519999999999953
MRT,Mauritania,Female,15+,2020,21.791,15.774,21.791,0.0
MRT,Mauritania,Female,15+,2021,21.922,15.91,21.791,0.13100000000000023
MRT,Mauritania,Female,15+,2022,22.07,15.277,21.791,0.2789999999999999
MRT,Mauritania,Female,15+,2023,22.255,15.05,21.791,0.46399999999999864
MRT,Mauritania,Female,15+,2024,22.333,14.888,21.791,0.541999999999998
MRT,Mauritania,Female,15+,2025,22.321,14.74,21.791,0.5300000000000011
MRT,Mauritania,Female,15-24,2020,8.557,33.542,8.557,0.0
MRT,Mauritania,Female,15-24,2021,8.866,32.202,8.557,0.3089999999999993
MRT,Mauritania,Female,15-24,2022,8.952,30.626,8.557,0.3949999999999996
MRT,Mauritania,Female,15-24,2023,9.05,30.268,8.557,0.4930000000000003
MRT,Mauritania,Female,15-24,2024,9.073,30.036,8.557,0.516
MRT,Mauritania,Female,15-24,2025,9.048,29.802,8.557,0.49099999999999966
MRT,Mauritania,Female,25+,2020,28.451,12.222,28.451,0.0
MRT,Mauritania,Female,25+,2021,28.487,12.624,28.451,0.03599999999999781
MRT,Mauritania,Female,25+,2022,28.664,12.228,28.451,0.21300000000000097
MRT,Mauritania,Female,25+,2023,28.889,12.029,28.451,0.43799999999999883
MRT,Mauritania,Female,25+,2024,28.987,11.892,28.451,0.5359999999999978
MRT,Mauritania,Female,25+,2025,28.973,11.778,28.451,0.5219999999999985
MRT,Mauritania,Male,15+,2020,51.749,8.683,51.749,0.0
MRT,Mauritania,Male,15+,2021,51.802,8.723,51.749,0.05299999999999727
MRT,Mauritania,Male,15+,2022,52.566,8.151,51.749,0.8170000000000002
MRT,Mauritania,Male,15+,2023,52.429,8.022,51.749,0.6799999999999997
MRT,Mauritania,Male,15+,2024,52.342,7.931,51.749,0.5929999999999964
MRT,Mauritania,Male,15+,2025,52.027,8.1,51.749,0.2779999999999987
MRT,Mauritania,Male,15-24,2020,21.553,21.576,21.553,0.0
MRT,Mauritania,Male,15-24,2021,21.755,21.232,21.553,0.20199999999999818
MRT,Mauritania,Male,15-24,2022,22.254,20.102,21.553,0.7010000000000005
MRT,Mauritania,Male,15-24,2023,22.117,19.85,21.553,0.5640000000000001
MRT,Mauritania,Male,15-24,2024,22.022,19.668,21.553,0.46899999999999764
MRT,Mauritania,Male,15-24,2025,21.935,19.637,21.553,0.3819999999999979
MRT,Mauritania,Male,25+,2020,68.06,6.041,68.06,0.0
MRT,Mauritania,Male,25+,2021,68.16,6.133,68.06,0.09999999999999432
MRT,Mauritania,Male,25+,2022,69.192,5.662,68.06,1.1319999999999908
MRT,Mauritania,Male,25+,2023,69.172,5.561,68.06,1.1119999999999948
MRT,Mauritania,Male,25+,2024,69.197,5.488,68.06,1.1370000000000005
MRT,Mauritania,Male,25+,2025,68.852,5.688,68.06,0.7920000000000016
MRT,Mauritania,Total,15+,2020,36.067,11.051,36.067,0.0
MRT,Mauritania,Total,15+,2021,36.173,11.131,36.067,0.10600000000000165
MRT,Mauritania,Total,15+,2022,36.632,10.52,36.067,0.5649999999999977
MRT,Mauritania,Total,15+,2023,36.682,10.37,36.067,0.615000000000002
MRT,Mauritania,Total,15+,2024,36.701,10.257,36.067,0.6340000000000003
MRT,Mauritania,Total,15+,2025,36.564,10.319,36.067,0.4969999999999999
MRT,Mauritania,Total,15-24,2020,14.901,25.518,14.901,0.0
MRT,Mauritania,Total,15-24,2021,15.181,24.854,14.901,0.27999999999999936
MRT,Mauritania,Total,15-24,2022,15.494,23.509,14.901,0.593
MRT,Mauritania,Total,15-24,2023,15.5,23.24,14.901,0.5990000000000002
MRT,Mauritania,Total,15-24,2024,15.49,23.038,14.901,0.5890000000000004
MRT,Mauritania,Total,15-24,2025,15.457,22.921,14.901,0.5560000000000009
MRT,Mauritania,Total,25+,2020,47.086,8.111,47.086,0.0
MRT,Mauritania,Total,25+,2021,47.138,8.314,47.086,0.0519999999999996
MRT,Mauritania,Total,25+,2022,47.711,7.857,47.086,0.625
MRT,Mauritania,Total,25+,2023,47.82,7.733,47.086,0.7340000000000018
MRT,Mauritania,Total,25+,2024,47.885,7.641,47.086,0.7989999999999995
MRT,Mauritania,Total,25+,2025,47.717,7.737,47.086,0.6310000000000002
NER,Niger,Female,15+,2020,63.393,0.433,63.393,0.0
NER,Niger,Female,15+,2021,67.253,0.805,63.393,3.8599999999999994
NER,Niger,Female,15+,2022,72.404,0.281,63.393,9.010999999999996
NER,Niger,Female,15+,2023,72.296,0.283,63.393,8.903000000000006
NER,Niger,Female,15+,2024,72.594,0.265,63.393,9.200999999999993
NER,Niger,Female,15+,2025,72.558,0.3,63.393,9.165000000000006
NER,Niger,Female,15-24,2020,54.075,0.726,54.075,0.0
NER,Niger,Female,15-24,2021,59.554,0.96,54.075,5.478999999999999
NER,Niger,Female,15-24,2022,64.972,0.242,54.075,10.896999999999991
NER,Niger,Female,15-24,2023,64.717,0.242,54.075,10.641999999999996
NER,Niger,Female,15-24,2024,65.054,0.237,54.075,10.979
NER,Niger,Female,15-24,2025,64.358,0.324,54.075,10.283000000000001
NER,Niger,Female,25+,2020,69.081,0.292,69.081,0.0
NER,Niger,Female,25+,2021,71.985,0.726,69.081,2.9039999999999964
NER,Niger,Female,25+,2022,76.998,0.301,69.081,7.917000000000002
NER,Niger,Female,25+,2023,76.994,0.304,69.081,7.912999999999997
NER,Niger,Female,25+,2024,77.271,0.28,69.081,8.189999999999998
NER,Niger,Female,25+,2025,77.635,0.288,69.081,8.554000000000002
NER,Niger,Male,15+,2020,83.729,0.707,83.729,0.0
NER,Niger,Male,15+,2021,84.301,0.806,83.729,0.5720000000000027
NER,Niger,Male,15+,2022,85.982,0.503,83.729,2.253
NER,Niger,Male,15+,2023,85.977,0.509,83.729,2.2480000000000047
NER,Niger,Male,15+,2024,85.738,0.467,83.729,2.0090000000000003
NER,Niger,Male,15+,2025,86.097,0.47,83.729,2.367999999999995
NER,Niger,Male,15-24,2020,72.088,0.755,72.088,0.0
NER,Niger,Male,15-24,2021,75.041,0.531,72.088,2.953000000000003
NER,Niger,Male,15-24,2022,77.218,0.523,72.088,5.13000000000001
NER,Niger,Male,15-24,2023,77.156,0.524,72.088,5.068000000000012
NER,Niger,Male,15-24,2024,76.57,0.516,72.088,4.481999999999999
NER,Niger,Male,15-24,2025,76.305,0.565,72.088,4.217000000000013
NER,Niger,Male,25+,2020,90.947,0.682,90.947,0.0
NER,Niger,Male,25+,2021,90.077,0.948,90.947,-0.8700000000000045
NER,Niger,Male,25+,2022,91.475,0.492,90.947,0.5279999999999916
NER,Niger,Male,25+,2023,91.517,0.501,90.947,0.5699999999999932
NER,Niger,Male,25+,2024,91.494,0.441,90.947,0.546999999999997
NER,Niger,Male,25+,2025,92.234,0.421,90.947,1.286999999999992
NER,Niger,Total,15+,2020,73.707,0.591,73.707,0.0
NER,Niger,Total,15+,2021,75.899,0.806,73.707,2.1920000000000073
NER,Niger,Total,15+,2022,79.291,0.403,73.707,5.584000000000003
NER,Niger,Total,15+,2023,79.236,0.407,73.707,5.529000000000011
NER,Niger,Total,15+,2024,79.262,0.376,73.707,5.555000000000007
NER,Niger,Total,15+,2025,79.427,0.394,73.707,5.720000000000013
NER,Niger,Total,15-24,2020,63.254,0.743,63.254,0.0
NER,Niger,Total,15-24,2021,67.444,0.718,63.254,4.190000000000005
NER,Niger,Total,15-24,2022,71.209,0.397,63.254,7.955000000000005
NER,Niger,Total,15-24,2023,71.052,0.398,63.254,7.798000000000009
NER,Niger,Total,15-24,2024,70.918,0.391,63.254,7.664000000000009
NER,Niger,Total,15-24,2025,70.442,0.457,63.254,7.187999999999995
NER,Niger,Total,25+,2020,80.138,0.516,80.138,0.0
NER,Niger,Total,25+,2021,81.135,0.851,80.138,0.9969999999999999
NER,Niger,Total,25+,2022,84.321,0.406,80.138,4.182999999999993
NER,Niger,Total,25+,2023,84.343,0.412,80.138,4.204999999999998
NER,Niger,Total,25+,2024,84.47,0.369,80.138,4.331999999999994
NER,Niger,Total,25+,2025,85.025,0.361,80.138,4.8870000000000005
NGA,Nigeria,Female,15+,2020,70.382,6.025,70.382,0.0
NGA,Nigeria,Female,15+,2021,70.921,6.551,70.382,0.5390000000000015
NGA,Nigeria,Female,15+,2022,72.787,5.382,70.382,2.405000000000001
NGA,Nigeria,Female,15+,2023,77.374,4.113,70.382,6.99199999999999
NGA,Nigeria,Female,15+,2024,77.424,4.076,70.382,7.042000000000002
NGA,Nigeria,Female,15+,2025,77.569,3.881,70.382,7.186999999999998
NGA,Nigeria,Female,15-24,2020,50.849,11.961,50.849,0.0
NGA,Nigeria,Female,15-24,2021,52.522,10.376,50.849,1.6730000000000018
NGA,Nigeria,Female,15-24,2022,55.712,7.453,50.849,4.863000000000007
NGA,Nigeria,Female,15-24,2023,60.742,6.329,50.849,9.893
NGA,Nigeria,Female,15-24,2024,60.753,6.28,50.849,9.904000000000003
NGA,Nigeria,Female,15-24,2025,60.818,6.286,50.849,9.969000000000001
NGA,Nigeria,Female,25+,2020,80.459,3.913,80.459,0.0
NGA,Nigeria,Female,25+,2021,80.466,5.181,80.459,0.006999999999990791
NGA,Nigeria,Female,25+,2022,81.693,4.623,80.459,1.2339999999999947
NGA,Nigeria,Female,25+,2023,86.094,3.267,80.459,5.634999999999991
NGA,Nigeria,Female,25+,2024,86.242,3.228,80.459,5.783000000000001
NGA,Nigeria,Female,25+,2025,86.524,2.944,80.459,6.064999999999998
NGA,Nigeria,Male,15+,2020,79.118,5.44,79.118,0.0
NGA,Nigeria,Male,15+,2021,80.626,4.388,79.118,1.5080000000000098
NGA,Nigeria,Male,15+,2022,83.439,2.452,79.118,4.320999999999998
NGA,Nigeria,Male,15+,2023,82.621,2.098,79.118,3.503
NGA,Nigeria,Male,15+,2024,82.632,2.076,79.118,3.51400000000001
NGA,Nigeria,Male,15+,2025,82.359,2.299,79.118,3.2409999999999997
NGA,Nigeria,Male,15-24,2020,59.043,9.892,59.043,0.0
NGA,Nigeria,Male,15-24,2021,60.374,7.797,59.043,1.331000000000003
NGA,Nigeria,Male,15-24,2022,64.728,4.805,59.043,5.684999999999995
NGA,Nigeria,Male,15-24,2023,62.32,3.977,59.043,3.277000000000001
NGA,Nigeria,Male,15-24,2024,62.311,3.941,59.043,3.2680000000000007
NGA,Nigeria,Male,15-24,2025,61.813,4.425,59.043,2.770000000000003
NGA,Nigeria,Male,25+,2020,89.826,3.773,89.826,0.0
NGA,Nigeria,Male,25+,2021,91.476,3.122,89.826,1.6500000000000057
NGA,Nigeria,Male,25+,2022,93.504,1.546,89.826,3.6780000000000115
NGA,Nigeria,Male,25+,2023,93.584,1.403,89.826,3.7580000000000098
NGA,Nigeria,Male,25+,2024,93.69,1.384,89.826,3.8640000000000043
NGA,Nigeria,Male,25+,2025,93.643,1.505,89.826,3.8170000000000073
NGA,Nigeria,Total,15+,2020,74.782,5.714,74.782,0.0
NGA,Nigeria,Total,15+,2021,75.812,5.404,74.782,1.0300000000000011
NGA,Nigeria,Total,15+,2022,78.158,3.827,74.782,3.3760000000000048
NGA,Nigeria,Total,15+,2023,80.021,3.074,74.782,5.239000000000004
NGA,Nigeria,Total,15+,2024,80.053,3.045,74.782,5.271000000000001
NGA,Nigeria,Total,15+,2025,79.988,3.064,74.782,5.206000000000003
NGA,Nigeria,Total,15-24,2020,55.021,10.842,55.021,0.0
NGA,Nigeria,Total,15-24,2021,56.52,8.991,55.021,1.4990000000000023
NGA,Nigeria,Total,15-24,2022,60.303,6.024,55.021,5.2819999999999965
NGA,Nigeria,Total,15-24,2023,61.545,5.131,55.021,6.524000000000001
NGA,Nigeria,Total,15-24,2024,61.546,5.088,55.021,6.524999999999999
NGA,Nigeria,Total,15-24,2025,61.325,5.34,55.021,6.304000000000002
NGA,Nigeria,Total,25+,2020,85.15,3.839,85.15,0.0
NGA,Nigeria,Total,25+,2021,85.984,4.094,85.15,0.833999999999989
NGA,Nigeria,Total,25+,2022,87.616,3.0,85.15,2.465999999999994
NGA,Nigeria,Total,25+,2023,89.853,2.302,85.15,4.702999999999989
NGA,Nigeria,Total,25+,2024,89.983,2.272,85.15,4.832999999999998
NGA,Nigeria,Total,25+,2025,90.103,2.197,85.15,4.952999999999989
SEN,Senegal,Female,15+,2020,35.715,3.668,35.715,0.0
SEN,Senegal,Female,15+,2021,36.262,3.832,35.715,0.546999999999997
SEN,Senegal,Female,15+,2022,36.429,3.387,35.715,0.7139999999999986
SEN,Senegal,Female,15+,2023,36.511,3.327,35.715,0.7959999999999994
SEN,Senegal,Female,15+,2024,36.725,3.329,35.715,1.009999999999998
SEN,Senegal,Female,15+,2025,37.026,3.113,35.715,1.311
SEN,Senegal,Female,15-24,2020,17.674,7.843,17.674,0.0
SEN,Senegal,Female,15-24,2021,17.94,7.234,17.674,0.2660000000000018
SEN,Senegal,Female,15-24,2022,17.897,5.933,17.674,0.22299999999999898
SEN,Senegal,Female,15-24,2023,17.882,5.873,17.674,0.20800000000000196
SEN,Senegal,Female,15-24,2024,17.994,5.879,17.674,0.3200000000000003
SEN,Senegal,Female,15-24,2025,17.984,5.476,17.674,0.3100000000000023
SEN,Senegal,Female,25+,2020,44.893,2.786,44.893,0.0
SEN,Senegal,Female,25+,2021,45.561,3.122,44.893,0.6679999999999993
SEN,Senegal,Female,25+,2022,45.788,2.868,44.893,0.894999999999996
SEN,Senegal,Female,25+,2023,45.823,2.815,44.893,0.9299999999999997
SEN,Senegal,Female,25+,2024,45.919,2.823,44.893,1.0259999999999962
SEN,Senegal,Female,25+,2025,46.168,2.657,44.893,1.2749999999999986
SEN,Senegal,Male,15+,2020,62.298,3.295,62.298,0.0
SEN,Senegal,Male,15+,2021,63.544,3.209,62.298,1.2459999999999951
SEN,Senegal,Male,15+,2022,64.439,2.525,62.298,2.140999999999991
SEN,Senegal,Male,15+,2023,64.252,2.475,62.298,1.9539999999999935
SEN,Senegal,Male,15+,2024,63.973,2.477,62.298,1.6749999999999972
SEN,Senegal,Male,15+,2025,64.055,2.517,62.298,1.757000000000005
SEN,Senegal,Male,15-24,2020,40.652,3.469,40.652,0.0
SEN,Senegal,Male,15-24,2021,41.863,3.546,40.652,1.2109999999999985
SEN,Senegal,Male,15-24,2022,42.886,3.058,40.652,2.2340000000000018
SEN,Senegal,Male,15-24,2023,42.533,3.022,40.652,1.8810000000000002
SEN,Senegal,Male,15-24,2024,42.099,3.022,40.652,1.4469999999999956
SEN,Senegal,Male,15-24,2025,42.278,2.844,40.652,1.6259999999999977
SEN,Senegal,Male,25+,2020,73.756,3.244,73.756,0.0
SEN,Senegal,Male,25+,2021,75.008,3.109,73.756,1.2519999999999953
SEN,Senegal,Male,25+,2022,75.817,2.365,73.756,2.060999999999993
SEN,Senegal,Male,25+,2023,75.671,2.312,73.756,1.9150000000000063
SEN,Senegal,Male,25+,2024,75.357,2.317,73.756,1.600999999999999
SEN,Senegal,Male,25+,2025,75.22,2.422,73.756,1.4639999999999986
SEN,Senegal,Total,15+,2020,48.976,3.432,48.976,0.0
SEN,Senegal,Total,15+,2021,49.906,3.436,48.976,0.9299999999999997
SEN,Senegal,Total,15+,2022,50.472,2.837,48.976,1.4960000000000022
SEN,Senegal,Total,15+,2023,50.437,2.784,48.976,1.4609999999999985
SEN,Senegal,Total,15+,2024,50.404,2.788,48.976,1.4280000000000044
SEN,Senegal,Total,15+,2025,50.596,2.735,48.976,1.6199999999999974
SEN,Senegal,Total,15-24,2020,29.286,4.817,29.286,0.0
SEN,Senegal,Total,15-24,2021,30.066,4.661,29.286,0.7799999999999976
SEN,Senegal,Total,15-24,2022,30.608,3.902,29.286,1.3219999999999992
SEN,Senegal,Total,15-24,2023,30.463,3.859,29.286,1.1769999999999996
SEN,Senegal,Total,15-24,2024,30.33,3.868,29.286,1.043999999999997
SEN,Senegal,Total,15-24,2025,30.447,3.616,29.286,1.1609999999999978
SEN,Senegal,Total,25+,2020,59.193,3.069,59.193,0.0
SEN,Senegal,Total,25+,2021,60.184,3.114,59.193,0.9909999999999997
SEN,Senegal,Total,25+,2022,60.731,2.556,59.193,1.5380000000000038
SEN,Senegal,Total,25+,2023,60.679,2.503,59.193,1.4860000000000042
SEN,Senegal,Total,25+,2024,60.553,2.511,59.193,1.3599999999999994
SEN,Senegal,Total,25+,2025,60.595,2.512,59.193,1.402000000000001
SLE,Sierra Leone,Female,15+,2020,49.929,2.278,49.929,0.0
SLE,Sierra Leone,Female,15+,2021,50.272,2.332,49.929,0.3429999999999964
SLE,Sierra Leone,Female,15+,2022,50.51,2.122,49.929,0.580999999999996
SLE,Sierra Leone,Female,15+,2023,50.688,2.096,49.929,0.7590000000000003
SLE,Sierra Leone,Female,15+,2024,50.725,2.104,49.929,0.7959999999999994
SLE,Sierra Leone,Female,15+,2025,50.517,2.105,49.929,0.588000000000001
SLE,Sierra Leone,Female,15-24,2020,31.967,2.979,31.967,0.0
SLE,Sierra Leone,Female,15-24,2021,32.345,2.836,31.967,0.3780000000000001
SLE,Sierra Leone,Female,15-24,2022,32.3,2.484,31.967,0.3329999999999984
SLE,Sierra Leone,Female,15-24,2023,32.419,2.469,31.967,0.4519999999999982
SLE,Sierra Leone,Female,15-24,2024,32.405,2.477,31.967,0.4380000000000024
SLE,Sierra Leone,Female,15-24,2025,32.281,2.546,31.967,0.31400000000000006
SLE,Sierra Leone,Female,25+,2020,59.032,2.084,59.032,0.0
SLE,Sierra Leone,Female,25+,2021,59.293,2.193,59.032,0.2610000000000028
SLE,Sierra Leone,Female,25+,2022,59.598,2.024,59.032,0.5660000000000025
SLE,Sierra Leone,Female,25+,2023,59.72,1.996,59.032,0.6880000000000024
SLE,Sierra Leone,Female,25+,2024,59.684,2.005,59.032,0.652000000000001
SLE,Sierra Leone,Female,25+,2025,59.331,1.988,59.032,0.2990000000000066
SLE,Sierra Leone,Male,15+,2020,52.957,4.663,52.957,0.0
SLE,Sierra Leone,Male,15+,2021,53.172,4.697,52.957,0.2149999999999963
SLE,Sierra Leone,Male,15+,2022,53.48,4.093,52.957,0.5229999999999961
SLE,Sierra Leone,Male,15+,2023,53.284,4.036,52.957,0.3269999999999982
SLE,Sierra Leone,Male,15+,2024,53.139,4.053,52.957,0.18200000000000216
SLE,Sierra Leone,Male,15+,2025,52.885,4.144,52.957,-0.07200000000000273
SLE,Sierra Leone,Male,15-24,2020,28.019,5.295,28.019,0.0
SLE,Sierra Leone,Male,15-24,2021,28.02,5.088,28.019,0.0010000000000012221
SLE,Sierra Leone,Male,15-24,2022,27.983,4.66,28.019,-0.03599999999999781
SLE,Sierra Leone,Male,15-24,2023,27.663,4.632,28.019,-0.3559999999999981
SLE,Sierra Leone,Male,15-24,2024,27.445,4.649,28.019,-0.5739999999999981
SLE,Sierra Leone,Male,15-24,2025,27.327,5.054,28.019,-0.6919999999999966
SLE,Sierra Leone,Male,25+,2020,66.216,4.52,66.216,0.0
SLE,Sierra Leone,Male,25+,2021,66.452,4.609,66.216,0.2360000000000042
SLE,Sierra Leone,Male,25+,2022,66.821,3.968,66.216,0.605000000000004
SLE,Sierra Leone,Male,25+,2023,66.548,3.907,66.216,0.33200000000000784
SLE,Sierra Leone,Male,25+,2024,66.285,3.926,66.216,0.06900000000000261
SLE,Sierra Leone,Male,25+,2025,65.785,3.951,66.216,-0.4309999999999974
SLE,Sierra Leone,Total,15+,2020,51.428,3.509,51.428,0.0
SLE,Sierra Leone,Total,15+,2021,51.708,3.551,51.428,0.28000000000000114
SLE,Sierra Leone,Total,15+,2022,51.981,3.137,51.428,0.5530000000000044
SLE,Sierra Leone,Total,15+,2023,51.974,3.092,51.428,0.5459999999999994
SLE,Sierra Leone,Total,15+,2024,51.922,3.103,51.428,0.4939999999999998
SLE,Sierra Leone,Total,15+,2025,51.691,3.15,51.428,0.26300000000000523
SLE,Sierra Leone,Total,15-24,2020,29.981,4.082,29.981,0.0
SLE,Sierra Leone,Total,15-24,2021,30.169,3.902,29.981,0.18799999999999883
SLE,Sierra Leone,Total,15-24,2022,30.127,3.513,29.981,0.14599999999999724
SLE,Sierra Leone,Total,15-24,2023,30.026,3.484,29.981,0.04499999999999815
SLE,Sierra Leone,Total,15-24,2024,29.909,3.492,29.981,-0.07200000000000273
SLE,Sierra Leone,Total,15-24,2025,29.789,3.72,29.981,-0.19200000000000017
SLE,Sierra Leone,Total,25+,2020,62.559,3.365,62.559,0.0
SLE,Sierra Leone,Total,25+,2021,62.809,3.464,62.559,0.25
SLE,Sierra Leone,Total,25+,2022,63.148,3.045,62.559,0.5890000000000057
SLE,Sierra Leone,Total,25+,2023,63.077,2.997,62.559,0.5180000000000007
SLE,Sierra Leone,Total,25+,2024,62.931,3.01,62.559,0.3719999999999999
SLE,Sierra Leone,Total,25+,2025,62.508,3.015,62.559,-0.05099999999999483
TGO,Togo,Female,15+,2020,54.203,2.045,54.203,0.0
TGO,Togo,Female,15+,2021,54.384,2.3,54.203,0.18099999999999739
TGO,Togo,Female,15+,2022,55.049,2.114,54.203,0.8459999999999965
TGO,Togo,Female,15+,2023,55.309,2.09,54.203,1.1059999999999945
TGO,Togo,Female,15+,2024,55.418,2.096,54.203,1.2149999999999963
TGO,Togo,Female,15+,2025,55.49,2.027,54.203,1.286999999999999
TGO,Togo,Female,15-24,2020,26.609,3.607,26.609,0.0
TGO,Togo,Female,15-24,2021,26.703,3.824,26.609,0.09399999999999764
TGO,Togo,Female,15-24,2022,27.063,3.586,26.609,0.4539999999999971
TGO,Togo,Female,15-24,2023,27.216,3.559,26.609,0.6069999999999993
TGO,Togo,Female,15-24,2024,27.257,3.563,26.609,0.6479999999999997
TGO,Togo,Female,15-24,2025,27.253,3.535,26.609,0.6439999999999984
TGO,Togo,Female,25+,2020,67.039,1.752,67.039,0.0
TGO,Togo,Female,25+,2021,67.271,2.013,67.039,0.23199999999999932
TGO,Togo,Female,25+,2022,68.117,1.836,67.039,1.078000000000003
TGO,Togo,Female,25+,2023,68.477,1.812,67.039,1.4380000000000024
TGO,Togo,Female,25+,2024,68.666,1.817,67.039,1.6269999999999953
TGO,Togo,Female,25+,2025,68.819,1.739,67.039,1.7800000000000011
TGO,Togo,Male,15+,2020,58.095,2.403,58.095,0.0
TGO,Togo,Male,15+,2021,58.323,2.385,58.095,0.22800000000000153
TGO,Togo,Male,15+,2022,58.532,1.825,58.095,0.4369999999999976
TGO,Togo,Male,15+,2023,58.271,1.802,58.095,0.17600000000000193
TGO,Togo,Male,15+,2024,58.086,1.807,58.095,-0.009000000000000341
TGO,Togo,Male,15+,2025,57.881,1.964,58.095,-0.21399999999999864
TGO,Togo,Male,15-24,2020,20.822,3.806,20.822,0.0
TGO,Togo,Male,15-24,2021,20.825,3.721,20.822,0.0030000000000001137
TGO,Togo,Male,15-24,2022,20.694,3.201,20.822,-0.1280000000000001
TGO,Togo,Male,15-24,2023,20.435,3.181,20.822,-0.38700000000000045
TGO,Togo,Male,15-24,2024,20.253,3.186,20.822,-0.5689999999999991
TGO,Togo,Male,15-24,2025,20.196,3.306,20.822,-0.6259999999999977
TGO,Togo,Male,25+,2020,75.865,2.217,75.865,0.0
TGO,Togo,Male,25+,2021,76.208,2.208,75.865,0.3430000000000035
TGO,Togo,Male,25+,2022,76.62,1.645,75.865,0.7550000000000097
TGO,Togo,Male,25+,2023,76.416,1.622,75.865,0.5510000000000019
TGO,Togo,Male,25+,2024,76.284,1.628,75.865,0.41900000000001114
TGO,Togo,Male,25+,2025,76.057,1.79,75.865,0.19200000000000728
TGO,Togo,Total,15+,2020,56.154,2.231,56.154,0.0
TGO,Togo,Total,15+,2021,56.36,2.344,56.154,0.20599999999999596
TGO,Togo,Total,15+,2022,56.797,1.965,56.154,0.6429999999999936
TGO,Togo,Total,15+,2023,56.796,1.942,56.154,0.6419999999999959
TGO,Togo,Total,15+,2024,56.758,1.948,56.154,0.6039999999999992
TGO,Togo,Total,15+,2025,56.692,1.995,56.154,0.5379999999999967
TGO,Togo,Total,15-24,2020,23.683,3.695,23.683,0.0
TGO,Togo,Total,15-24,2021,23.73,3.778,23.683,0.0470000000000006
TGO,Togo,Total,15-24,2022,23.841,3.417,23.683,0.15800000000000125
TGO,Togo,Total,15-24,2023,23.785,3.395,23.683,0.10200000000000031
TGO,Togo,Total,15-24,2024,23.712,3.4,23.683,0.028999999999999915
TGO,Togo,Total,15-24,2025,23.681,3.436,23.683,-0.0019999999999988916
TGO,Togo,Total,25+,2020,71.448,1.999,71.448,0.0
TGO,Togo,Total,25+,2021,71.737,2.117,71.448,0.2890000000000015
TGO,Togo,Total,25+,2022,72.369,1.735,71.448,0.9210000000000065
TGO,Togo,Total,25+,2023,72.449,1.712,71.448,1.0010000000000048
TGO,Togo,Total,25+,2024,72.479,1.717,71.448,1.031000000000006
TGO,Togo,Total,25+,2025,72.444,1.766,71.448,0.9960000000000093
